grid_id,c_bar,c_hat,r_alignment,n_weeks,poi_cnt_life,poi_cnt_transport,poi_cnt_economy,poi_cnt_public_service,priority_abs_1,priority_abs_2,priority_q_1,priority_q_2,priority_q_1_scarcity_score,gate_r_ok,gate_weeks_ok,gate_cbar_ok,gate_scarcity_ok,is_actionable,action_tier,priority_reason
3052_46756,67166.93191957181,18998.83475515611,48168.0971644157,31,0.0,1.0,0.0,0.0,transport,public_service,life,economy,0.645,True,True,True,True,True,tier1_actionable,high mismatch + within-high-group quantile scarcity (recommended)
3295_46915,39662.47648452719,3044.374541510608,36618.101943016576,31,0.0,0.0,0.0,0.0,public_service,transport,life,economy,0.645,True,True,True,True,True,tier1_actionable,high mismatch + within-high-group quantile scarcity (recommended)
3053_46756,57182.21785793568,23507.824031161213,33674.39382677447,31,1.0,1.0,0.0,0.0,transport,life,economy,public_service,0.55,True,True,True,True,True,tier1_actionable,high mismatch + within-high-group quantile scarcity (recommended)
3054_46755,21028.566052892,4661.328560324817,16367.237492567185,31,3.0,0.0,0.0,0.0,life,public_service,economy,transport,0.55,True,True,True,True,True,tier1_actionable,high mismatch + within-high-group quantile scarcity (recommended)
3302_46888,15978.787718205467,6055.323045454485,9923.464672750984,31,1.0,0.0,1.0,0.0,economy,life,transport,public_service,0.515,True,True,True,True,True,tier1_actionable,high mismatch + within-high-group quantile scarcity (recommended)
3296_46900,11260.619197705591,3044.374541510608,8216.244656194984,31,0.0,0.0,0.0,0.0,public_service,transport,life,economy,0.645,True,True,True,True,True,tier1_actionable,high mismatch + within-high-group quantile scarcity (recommended)
3318_46884,11139.09949601552,3767.0945717658183,7372.004924249702,31,1.0,0.0,0.0,0.0,life,public_service,economy,transport,0.55,True,True,True,True,True,tier1_actionable,high mismatch + within-high-group quantile scarcity (recommended)
3319_46884,9131.4596791995,3044.374541510608,6087.085137688893,31,0.0,0.0,0.0,0.0,public_service,transport,life,economy,0.645,True,True,True,True,True,tier1_actionable,high mismatch + within-high-group quantile scarcity (recommended)
3228_46887,9097.780029408894,3044.374541510608,6053.405487898286,31,0.0,0.0,0.0,0.0,public_service,transport,life,economy,0.645,True,True,True,True,True,tier1_actionable,high mismatch + within-high-group quantile scarcity (recommended)
3226_46885,8849.19810768345,3044.374541510608,5804.823566172843,31,0.0,0.0,0.0,0.0,public_service,transport,life,economy,0.645,True,True,True,True,True,tier1_actionable,high mismatch + within-high-group quantile scarcity (recommended)
3319_46883,14794.62639911408,9053.413066974228,5741.213332139852,31,2.0,0.0,2.0,0.0,economy,life,transport,public_service,0.515,True,True,True,True,True,tier1_actionable,high mismatch + within-high-group quantile scarcity (recommended)
3312_46894,9053.87643792622,3767.0945717658183,5286.781866160401,31,1.0,0.0,0.0,0.0,life,public_service,economy,transport,0.55,True,True,True,True,True,tier1_actionable,high mismatch + within-high-group quantile scarcity (recommended)
3146_46979,8896.038380197055,3767.0945717658183,5128.943808431236,31,1.0,0.0,0.0,0.0,life,public_service,economy,transport,0.55,True,True,True,True,True,tier1_actionable,high mismatch + within-high-group quantile scarcity (recommended)
3257_47012,9446.079224198696,4893.721102806051,4552.358121392644,31,0.0,0.0,1.0,0.0,economy,public_service,life,transport,0.645,True,True,True,True,True,tier1_actionable,high mismatch + within-high-group quantile scarcity (recommended)
3318_46889,7692.752443972405,3767.0945717658183,3925.657872206586,31,1.0,0.0,0.0,0.0,life,public_service,economy,transport,0.55,True,True,True,True,True,tier1_actionable,high mismatch + within-high-group quantile scarcity (recommended)
3310_46891,6931.58379710208,3044.374541510608,3887.209255591472,31,0.0,0.0,0.0,0.0,public_service,transport,life,economy,0.645,True,True,True,True,True,tier1_actionable,high mismatch + within-high-group quantile scarcity (recommended)
3311_46880,8114.103309100073,4893.721102806051,3220.3822062940217,31,0.0,0.0,1.0,0.0,economy,public_service,life,transport,0.645,True,True,True,True,True,tier1_actionable,high mismatch + within-high-group quantile scarcity (recommended)
3057_46762,5904.795232447592,3767.0945717658183,2137.700660681773,31,1.0,0.0,0.0,0.0,life,public_service,economy,transport,0.55,True,True,True,True,True,tier1_actionable,high mismatch + within-high-group quantile scarcity (recommended)
3303_47014,4470.361690692165,3044.374541510608,1425.987149181557,31,0.0,0.0,0.0,0.0,public_service,transport,life,economy,0.645,True,True,True,True,True,tier1_actionable,high mismatch + within-high-group quantile scarcity (recommended)
3316_46889,4406.621579274117,3044.374541510608,1362.2470377635086,31,0.0,0.0,0.0,0.0,public_service,transport,life,economy,0.645,True,True,True,True,True,tier1_actionable,high mismatch + within-high-group quantile scarcity (recommended)
3054_46753,4331.999651125235,3044.374541510608,1287.6251096146266,31,0.0,0.0,0.0,0.0,public_service,transport,life,economy,0.645,True,True,True,True,True,tier1_actionable,high mismatch + within-high-group quantile scarcity (recommended)
3314_46895,5019.532262918371,3767.0945717658183,1252.4376911525524,31,1.0,0.0,0.0,0.0,life,public_service,economy,transport,0.55,True,True,True,True,True,tier1_actionable,high mismatch + within-high-group quantile scarcity (recommended)
3344_46898,4288.253721069988,3044.374541510608,1243.8791795593793,31,0.0,0.0,0.0,0.0,public_service,transport,life,economy,0.645,True,True,True,True,True,tier1_actionable,high mismatch + within-high-group quantile scarcity (recommended)
3053_46755,6127.72313663383,4893.721102806051,1234.002033827779,31,0.0,0.0,1.0,0.0,economy,public_service,life,transport,0.645,True,True,True,True,True,tier1_actionable,high mismatch + within-high-group quantile scarcity (recommended)
3296_46895,4677.447101995018,3767.0945717658183,910.3525302291991,31,1.0,0.0,0.0,0.0,life,public_service,economy,transport,0.55,True,True,True,True,True,tier1_actionable,high mismatch + within-high-group quantile scarcity (recommended)
3316_46883,3890.296208934433,3044.374541510608,845.921667423825,31,0.0,0.0,0.0,0.0,public_service,transport,life,economy,0.645,True,True,True,True,True,tier1_actionable,high mismatch + within-high-group quantile scarcity (recommended)
3106_46960,3859.078251654591,3044.374541510608,814.7037101439828,31,0.0,0.0,0.0,0.0,public_service,transport,life,economy,0.645,True,True,True,True,True,tier1_actionable,high mismatch + within-high-group quantile scarcity (recommended)
3295_46894,3838.510043994657,3044.374541510608,794.1355024840486,31,0.0,0.0,0.0,0.0,public_service,transport,life,economy,0.645,True,True,True,True,True,tier1_actionable,high mismatch + within-high-group quantile scarcity (recommended)
3188_47014,3639.6443300795545,3044.374541510608,595.2697885689463,31,0.0,0.0,0.0,0.0,public_service,transport,life,economy,0.645,True,True,True,True,True,tier1_actionable,high mismatch + within-high-group quantile scarcity (recommended)
3235_47014,3596.092804314704,3044.374541510608,551.7182628040955,31,0.0,0.0,0.0,0.0,public_service,transport,life,economy,0.645,True,True,True,True,True,tier1_actionable,high mismatch + within-high-group quantile scarcity (recommended)
3172_46989,3567.790669751893,3044.374541510608,523.4161282412847,31,0.0,0.0,0.0,0.0,public_service,transport,life,economy,0.645,True,True,True,True,True,tier1_actionable,high mismatch + within-high-group quantile scarcity (recommended)
3223_47015,3495.190522150002,3044.374541510608,450.8159806393937,31,0.0,0.0,0.0,0.0,public_service,transport,life,economy,0.645,True,True,True,True,True,tier1_actionable,high mismatch + within-high-group quantile scarcity (recommended)
3256_47013,4194.013451547908,3767.0945717658183,426.9188797820889,31,1.0,0.0,0.0,0.0,life,public_service,economy,transport,0.55,True,True,True,True,True,tier1_actionable,high mismatch + within-high-group quantile scarcity (recommended)
3176_47014,3414.488554679118,3044.374541510608,370.1140131685097,31,0.0,0.0,0.0,0.0,public_service,transport,life,economy,0.645,True,True,True,True,True,tier1_actionable,high mismatch + within-high-group quantile scarcity (recommended)
3317_46885,3388.250735189177,3044.374541510608,343.8761936785686,31,0.0,0.0,0.0,0.0,public_service,transport,life,economy,0.645,True,True,True,True,True,tier1_actionable,high mismatch + within-high-group quantile scarcity (recommended)
3208_46975,3339.332399996865,3044.374541510608,294.957858486257,31,0.0,0.0,0.0,0.0,public_service,transport,life,economy,0.645,True,True,True,True,True,tier1_actionable,high mismatch + within-high-group quantile scarcity (recommended)
3129_46988,3324.20891519964,3044.374541510608,279.834373689032,31,0.0,0.0,0.0,0.0,public_service,transport,life,economy,0.645,True,True,True,True,True,tier1_actionable,high mismatch + within-high-group quantile scarcity (recommended)
3289_46886,3269.633217567275,3044.374541510608,225.2586760566669,31,0.0,0.0,0.0,0.0,public_service,transport,life,economy,0.645,True,True,True,True,True,tier1_actionable,high mismatch + within-high-group quantile scarcity (recommended)
3415_46968,3249.408402804433,3044.374541510608,205.0338612938253,31,0.0,0.0,0.0,0.0,public_service,transport,life,economy,0.645,True,True,True,True,True,tier1_actionable,high mismatch + within-high-group quantile scarcity (recommended)
3156_47014,3231.690812280234,3044.374541510608,187.3162707696256,31,0.0,0.0,0.0,0.0,public_service,transport,life,economy,0.645,True,True,True,True,True,tier1_actionable,high mismatch + within-high-group quantile scarcity (recommended)
3365_46984,2958.6923424582037,3044.374541510608,-85.68219905240494,31,0.0,0.0,0.0,0.0,public_service,transport,life,economy,0.645,True,True,True,True,True,tier1_actionable,high mismatch + within-high-group quantile scarcity (recommended)
3375_47015,2888.42265179149,3044.374541510608,-155.9518897191183,31,0.0,0.0,0.0,0.0,public_service,transport,life,economy,0.645,True,True,True,True,True,tier1_actionable,high mismatch + within-high-group quantile scarcity (recommended)
3049_46756,2838.6141826240864,3044.374541510608,-205.76035888652177,31,0.0,0.0,0.0,0.0,public_service,transport,life,economy,0.645,True,True,True,True,True,tier1_actionable,high mismatch + within-high-group quantile scarcity (recommended)
3170_46902,2817.4993909746217,3044.374541510608,-226.87515053598645,31,0.0,0.0,0.0,0.0,public_service,transport,life,economy,0.645,True,True,True,True,True,tier1_actionable,high mismatch + within-high-group quantile scarcity (recommended)
3318_46883,3937.4592166701073,4266.954283670186,-329.4950670000785,31,2.0,0.0,0.0,0.0,life,public_service,economy,transport,0.55,True,True,True,True,True,tier1_actionable,high mismatch + within-high-group quantile scarcity (recommended)
3223_46832,6118.548405677942,6459.725024161291,-341.17661848334865,31,0.0,0.0,2.0,0.0,economy,public_service,life,transport,0.645,True,True,True,True,True,tier1_actionable,high mismatch + within-high-group quantile scarcity (recommended)
3318_46891,4549.836123102548,4893.721102806051,-343.8849797035027,31,0.0,0.0,1.0,0.0,economy,public_service,life,transport,0.645,True,True,True,True,True,tier1_actionable,high mismatch + within-high-group quantile scarcity (recommended)
3222_46975,2681.397270539359,3044.374541510608,-362.97727097124925,31,0.0,0.0,0.0,0.0,public_service,transport,life,economy,0.645,True,True,True,True,True,tier1_actionable,high mismatch + within-high-group quantile scarcity (recommended)
3126_47008,2664.130158260362,3044.374541510608,-380.2443832502463,31,0.0,0.0,0.0,0.0,public_service,transport,life,economy,0.645,True,True,True,True,True,tier1_actionable,high mismatch + within-high-group quantile scarcity (recommended)
3308_46893,2644.794221035342,3044.374541510608,-399.580320475266,31,0.0,0.0,0.0,0.0,public_service,transport,life,economy,0.645,True,True,True,True,True,tier1_actionable,high mismatch + within-high-group quantile scarcity (recommended)
3311_47014,2631.4306300269527,3044.374541510608,-412.9439114836555,31,0.0,0.0,0.0,0.0,public_service,transport,life,economy,0.645,True,True,True,True,True,tier1_actionable,high mismatch + within-high-group quantile scarcity (recommended)
3288_46928,2573.16946321468,3044.374541510608,-471.20507829592816,31,0.0,0.0,0.0,0.0,public_service,transport,life,economy,0.645,True,True,True,True,True,tier1_actionable,high mismatch + within-high-group quantile scarcity (recommended)
3162_46902,2559.2470304562785,3044.374541510608,-485.1275110543297,31,0.0,0.0,0.0,0.0,public_service,transport,life,economy,0.645,True,True,True,True,True,tier1_actionable,high mismatch + within-high-group quantile scarcity (recommended)
3236_46887,2476.829102136413,3044.374541510608,-567.5454393741952,31,0.0,0.0,0.0,0.0,public_service,transport,life,economy,0.645,True,True,True,True,True,tier1_actionable,high mismatch + within-high-group quantile scarcity (recommended)
3214_46982,2474.787794110757,3044.374541510608,-569.586747399851,31,0.0,0.0,0.0,0.0,public_service,transport,life,economy,0.645,True,True,True,True,True,tier1_actionable,high mismatch + within-high-group quantile scarcity (recommended)
3242_46908,2447.6498028865544,3044.374541510608,-596.7247386240538,31,0.0,0.0,0.0,0.0,public_service,transport,life,economy,0.645,True,True,True,True,True,tier1_actionable,high mismatch + within-high-group quantile scarcity (recommended)
3190_46906,2441.714733824428,3044.374541510608,-602.6598076861801,31,0.0,0.0,0.0,0.0,public_service,transport,life,economy,0.645,True,True,True,True,True,tier1_actionable,high mismatch + within-high-group quantile scarcity (recommended)
3353_46960,2406.446118950199,3044.374541510608,-637.9284225604092,31,0.0,0.0,0.0,0.0,public_service,transport,life,economy,0.645,True,True,True,True,True,tier1_actionable,high mismatch + within-high-group quantile scarcity (recommended)
3312_46884,2404.498001548983,3044.374541510608,-639.876539961625,31,0.0,0.0,0.0,0.0,public_service,transport,life,economy,0.645,True,True,True,True,True,tier1_actionable,high mismatch + within-high-group quantile scarcity (recommended)
3238_46978,2381.6840731646766,3044.374541510608,-662.6904683459315,31,0.0,0.0,0.0,0.0,public_service,transport,life,economy,0.645,True,True,True,True,True,tier1_actionable,high mismatch + within-high-group quantile scarcity (recommended)
3149_47014,2381.423815658887,3044.374541510608,-662.950725851721,31,0.0,0.0,0.0,0.0,public_service,transport,life,economy,0.645,True,True,True,True,True,tier1_actionable,high mismatch + within-high-group quantile scarcity (recommended)
3210_46983,2339.2390130351214,3044.374541510608,-705.1355284754868,31,0.0,0.0,0.0,0.0,public_service,transport,life,economy,0.645,True,True,True,True,True,tier1_actionable,high mismatch + within-high-group quantile scarcity (recommended)
3201_46924,2328.12335099271,3044.374541510608,-716.2511905178981,31,0.0,0.0,0.0,0.0,public_service,transport,life,economy,0.645,True,True,True,True,True,tier1_actionable,high mismatch + within-high-group quantile scarcity (recommended)
3186_46902,3505.3790506453533,4266.954283670186,-761.5752330248324,31,2.0,0.0,0.0,0.0,life,public_service,economy,transport,0.55,True,True,True,True,True,tier1_actionable,high mismatch + within-high-group quantile scarcity (recommended)
3164_46999,2255.605892736455,3044.374541510608,-788.768648774153,31,0.0,0.0,0.0,0.0,public_service,transport,life,economy,0.645,True,True,True,True,True,tier1_actionable,high mismatch + within-high-group quantile scarcity (recommended)
3240_46979,2254.011436769116,3044.374541510608,-790.363104741492,31,0.0,0.0,0.0,0.0,public_service,transport,life,economy,0.645,True,True,True,True,True,tier1_actionable,high mismatch + within-high-group quantile scarcity (recommended)
3245_46887,2248.2202680803985,3044.374541510608,-796.1542734302097,31,0.0,0.0,0.0,0.0,public_service,transport,life,economy,0.645,True,True,True,True,True,tier1_actionable,high mismatch + within-high-group quantile scarcity (recommended)
3183_46902,2245.7635815550657,3044.374541510608,-798.6109599555425,31,0.0,0.0,0.0,0.0,public_service,transport,life,economy,0.645,True,True,True,True,True,tier1_actionable,high mismatch + within-high-group quantile scarcity (recommended)
3239_46940,2243.6997500241423,3044.374541510608,-800.6747914864659,31,0.0,0.0,0.0,0.0,public_service,transport,life,economy,0.645,True,True,True,True,True,tier1_actionable,high mismatch + within-high-group quantile scarcity (recommended)
3402_47015,2238.218260446983,3044.374541510608,-806.1562810636251,31,0.0,0.0,0.0,0.0,public_service,transport,life,economy,0.645,True,True,True,True,True,tier1_actionable,high mismatch + within-high-group quantile scarcity (recommended)
3364_46982,2227.7581782052634,3044.374541510608,-816.6163633053447,31,0.0,0.0,0.0,0.0,public_service,transport,life,economy,0.645,True,True,True,True,True,tier1_actionable,high mismatch + within-high-group quantile scarcity (recommended)
3294_46886,2940.227215629042,3767.0945717658183,-826.8673561367768,31,1.0,0.0,0.0,0.0,life,public_service,economy,transport,0.55,True,True,True,True,True,tier1_actionable,high mismatch + within-high-group quantile scarcity (recommended)
3362_46978,2212.760658771364,3044.374541510608,-831.6138827392442,31,0.0,0.0,0.0,0.0,public_service,transport,life,economy,0.645,True,True,True,True,True,tier1_actionable,high mismatch + within-high-group quantile scarcity (recommended)
3238_46925,2210.16404205583,3044.374541510608,-834.2104994547781,31,0.0,0.0,0.0,0.0,public_service,transport,life,economy,0.645,True,True,True,True,True,tier1_actionable,high mismatch + within-high-group quantile scarcity (recommended)
3222_46983,2913.0964307500067,3767.0945717658183,-853.998141015812,31,1.0,0.0,0.0,0.0,life,public_service,economy,transport,0.55,True,True,True,True,True,tier1_actionable,high mismatch + within-high-group quantile scarcity (recommended)
3307_46896,2884.344829941237,3767.0945717658183,-882.7497418245812,31,1.0,0.0,0.0,0.0,life,public_service,economy,transport,0.55,True,True,True,True,True,tier1_actionable,high mismatch + within-high-group quantile scarcity (recommended)
3052_46754,2880.4068919948563,3767.0945717658183,-886.6876797709624,31,1.0,0.0,0.0,0.0,life,public_service,economy,transport,0.55,True,True,True,True,True,tier1_actionable,high mismatch + within-high-group quantile scarcity (recommended)
3246_46910,2091.009273560944,3044.374541510608,-953.365267949664,31,0.0,0.0,0.0,0.0,public_service,transport,life,economy,0.645,True,True,True,True,True,tier1_actionable,high mismatch + within-high-group quantile scarcity (recommended)
3206_46983,2083.7241125685155,3044.374541510608,-960.6504289420928,31,0.0,0.0,0.0,0.0,public_service,transport,life,economy,0.645,True,True,True,True,True,tier1_actionable,high mismatch + within-high-group quantile scarcity (recommended)
3321_46887,2801.782975269778,3767.0945717658183,-965.3115964960408,31,1.0,0.0,0.0,0.0,life,public_service,economy,transport,0.55,True,True,True,True,True,tier1_actionable,high mismatch + within-high-group quantile scarcity (recommended)
3238_47003,2777.6525937288307,3767.0945717658183,-989.441978036988,31,1.0,0.0,0.0,0.0,life,public_service,economy,transport,0.55,True,True,True,True,True,tier1_actionable,high mismatch + within-high-group quantile scarcity (recommended)
3244_46887,2021.1744223784924,3044.374541510608,-1023.2001191321158,31,0.0,0.0,0.0,0.0,public_service,transport,life,economy,0.645,True,True,True,True,True,tier1_actionable,high mismatch + within-high-group quantile scarcity (recommended)
3238_46934,1992.0917541571755,3044.374541510608,-1052.282787353433,31,0.0,0.0,0.0,0.0,public_service,transport,life,economy,0.645,True,True,True,True,True,tier1_actionable,high mismatch + within-high-group quantile scarcity (recommended)
3299_46914,2560.006113081951,3767.0945717658183,-1207.088458683868,31,1.0,0.0,0.0,0.0,life,public_service,economy,transport,0.55,True,True,True,True,True,tier1_actionable,high mismatch + within-high-group quantile scarcity (recommended)
3190_46978,1691.758303300085,3044.374541510608,-1352.6162382105235,31,0.0,0.0,0.0,0.0,public_service,transport,life,economy,0.645,True,True,True,True,True,tier1_actionable,high mismatch + within-high-group quantile scarcity (recommended)
3312_46887,3497.350452052613,4893.721102806051,-1396.370650753438,31,0.0,0.0,1.0,0.0,economy,public_service,life,transport,0.645,True,True,True,True,True,tier1_actionable,high mismatch + within-high-group quantile scarcity (recommended)
3308_46883,2346.695443265995,3767.0945717658183,-1420.3991284998235,31,1.0,0.0,0.0,0.0,life,public_service,economy,transport,0.55,True,True,True,True,True,tier1_actionable,high mismatch + within-high-group quantile scarcity (recommended)
3222_47008,2253.5885043305634,3767.0945717658183,-1513.506067435255,31,1.0,0.0,0.0,0.0,life,public_service,economy,transport,0.55,True,True,True,True,True,tier1_actionable,high mismatch + within-high-group quantile scarcity (recommended)
3351_46983,2096.461564181674,3767.0945717658183,-1670.6330075841447,31,1.0,0.0,0.0,0.0,life,public_service,economy,transport,0.55,True,True,True,True,True,tier1_actionable,high mismatch + within-high-group quantile scarcity (recommended)
3314_46887,1971.434286980376,3767.0945717658183,-1795.6602847854426,31,1.0,0.0,0.0,0.0,life,public_service,economy,transport,0.55,True,True,True,True,True,tier1_actionable,high mismatch + within-high-group quantile scarcity (recommended)
3313_46885,2267.7747210272505,4266.954283670186,-1999.1795626429357,31,2.0,0.0,0.0,0.0,life,public_service,economy,transport,0.55,True,True,True,True,True,tier1_actionable,high mismatch + within-high-group quantile scarcity (recommended)
3310_46886,2141.8792815532984,4266.954283670186,-2125.0750021168874,31,2.0,0.0,0.0,0.0,life,public_service,economy,transport,0.55,True,True,True,True,True,tier1_actionable,high mismatch + within-high-group quantile scarcity (recommended)
3311_46889,3082.647586923376,5279.813623950852,-2197.166037027476,31,5.0,0.0,0.0,0.0,life,public_service,economy,transport,0.55,True,True,True,True,True,tier1_actionable,high mismatch + within-high-group quantile scarcity (recommended)
3315_46886,782.9947401457841,3044.374541510608,-2261.379801364824,31,0.0,0.0,0.0,0.0,public_service,transport,life,economy,0.645,True,True,True,True,True,tier1_actionable,high mismatch + within-high-group quantile scarcity (recommended)
3313_46884,2513.3736094130804,4893.721102806051,-2380.3474933929706,31,0.0,0.0,1.0,0.0,economy,public_service,life,transport,0.645,True,True,True,True,True,tier1_actionable,high mismatch + within-high-group quantile scarcity (recommended)
3313_46887,1292.1103452496898,3767.0945717658183,-2474.9842265161287,31,1.0,0.0,0.0,0.0,life,public_service,economy,transport,0.55,True,True,True,True,True,tier1_actionable,high mismatch + within-high-group quantile scarcity (recommended)
3315_46939,1850.8292205644564,4893.721102806051,-3042.8918822415944,31,0.0,0.0,1.0,0.0,economy,public_service,life,transport,0.645,True,True,True,True,True,tier1_actionable,high mismatch + within-high-group quantile scarcity (recommended)
3314_46885,2232.0360896388947,6055.323045454485,-3823.28695581559,31,1.0,0.0,1.0,0.0,economy,life,transport,public_service,0.515,True,True,True,True,True,tier1_actionable,high mismatch + within-high-group quantile scarcity (recommended)
3286_46873,9219.836968763437,18998.83475515611,-9778.997786392672,31,0.0,1.0,0.0,0.0,transport,public_service,life,economy,0.645,True,True,True,True,True,tier1_actionable,high mismatch + within-high-group quantile scarcity (recommended)
3055_46754,4583.929739990176,18998.83475515611,-14414.905015165932,31,0.0,1.0,0.0,0.0,transport,public_service,life,economy,0.645,True,True,True,True,True,tier1_actionable,high mismatch + within-high-group quantile scarcity (recommended)
